{
  "com.bgeneral.bel.account.api": {
    "source": "com.bgeneral.bel.account.api",
    "version": "1.0.0",
    "name": "account-api",
    "dependencies": [
      {
        "name": "com.bgeneral.bel.common.api",
        "dep": "1.0.1"
      },
      {
        "name": "com.bgeneral.bel.product.api",
        "dep": "1.0.0"
      },
      {
        "name": "com.bgeneral.bel.user.api",
        "dep": "1.0.0"
      }
    ]
  },
  "com.bgeneral.bel.account.service": {
    "source": "com.bgeneral.bel.account.service",
    "version": "1.0.0",
    "name": "account-service",
    "dependencies": [
      {
        "name": "account-api",
        "dep": "1.0.0"
      },
      {
        "name": "com.bgeneral.bel.common.api",
        "dep": "1.0.1"
      },
      {
        "name": "com.bgeneral.bel.product.api",
        "dep": "1.0.0"
      },
      {
        "name": "com.bgeneral.bel.user.api",
        "dep": "1.0.0"
      },
      {
        "name": "com.bgeneral.bel.canal.ws.api",
        "dep": "1.0.0"
      }
    ]
  },
  "com.bgeneral.bel.angular.boilerplate.js": {
    "source": "com.bgeneral.bel.angular.boilerplate.js",
    "version": "1.0.0",
    "name": "angular-boilerplate-include-js",
    "dependencies": []
  },
  "com.bgeneral.bel.bg.express.reports.web": {
    "source": "com.bgeneral.bel.bg.express.reports.web",
    "version": "1.0.0",
    "name": "bg-express-reports-web",
    "dependencies": [
      {
        "name": "com.bgeneral.bel.common.api",
        "dep": "1.0.1"
      },
      {
        "name": "com.bgeneral.bel.special.reports.api",
        "dep": "1.0.0"
      },
      {
        "name": "com.bgeneral.bel.user.api",
        "dep": "1.0.0"
      }
    ]
  },
  "com.bgeneral.bel.bgo.login.web": {
    "source": "com.bgeneral.bel.bgo.login.web",
    "version": "1.0.0",
    "name": "bgo-login-web",
    "dependencies": [
      {
        "name": "com.bgeneral.bel.common.api",
        "dep": "1.0.0"
      },
      {
        "name": "com.bgeneral.bel.user.api",
        "dep": "1.0.0"
      }
    ]
  },
  "com.bgeneral.bel.charge.api": {
    "source": "com.bgeneral.bel.charge.api",
    "version": "1.0.0",
    "name": "charge-api",
    "dependencies": [
      {
        "name": "com.bgeneral.bel.account.api",
        "dep": "1.0.0"
      },
      {
        "name": "com.bgeneral.bel.common.api",
        "dep": "1.0.1"
      },
      {
        "name": "com.bgeneral.bel.user.api",
        "dep": "1.0.0"
      }
    ]
  },
  "com.bgeneral.bel.charge.service": {
    "source": "com.bgeneral.bel.charge.service",
    "version": "1.0.0",
    "name": "charge-service",
    "dependencies": [
      {
        "name": "charge-api",
        "dep": "1.0.0"
      },
      {
        "name": "com.bgeneral.bel.common.api",
        "dep": "1.0.1"
      },
      {
        "name": "com.bgeneral.bel.user.api",
        "dep": "1.0.0"
      },
      {
        "name": "com.bgeneral.bel.canal.ws.api",
        "dep": "1.0.0"
      }
    ]
  },
  "com.bgeneral.bel.charge.web": {
    "source": "com.bgeneral.bel.charge.web",
    "version": "1.0.1",
    "name": "charge-web",
    "dependencies": [
      {
        "name": "com.bgeneral.bel.account.api",
        "dep": "1.0.0"
      },
      {
        "name": "com.bgeneral.bel.charge.api",
        "dep": "1.0.0"
      },
      {
        "name": "com.bgeneral.bel.common.api",
        "dep": "1.0.1"
      },
      {
        "name": "com.bgeneral.bel.user.api",
        "dep": "1.0.0"
      }
    ]
  },
  "com.bgeneral.bel.check.api": {
    "source": "com.bgeneral.bel.check.api",
    "version": "1.0.0",
    "name": "check-api",
    "dependencies": [
      {
        "name": "com.bgeneral.bel.common.api",
        "dep": "1.0.0"
      },
      {
        "name": "com.bgeneral.bel.account.api",
        "dep": "1.0.0"
      },
      {
        "name": "com.bgeneral.bel.user.api",
        "dep": "1.0.0"
      }
    ]
  },
  "com.bgeneral.bel.check.images.web": {
    "source": "com.bgeneral.bel.check.images.web",
    "version": "1.0.0",
    "name": "check-images-web",
    "dependencies": [
      {
        "name": "com.bgeneral.bel.account.api",
        "dep": "1.0.0"
      },
      {
        "name": "com.bgeneral.bel.check.api",
        "dep": "1.0.0"
      },
      {
        "name": "com.bgeneral.bel.common.api",
        "dep": "1.0.1"
      },
      {
        "name": "com.bgeneral.bel.user.api",
        "dep": "1.0.0"
      }
    ]
  },
  "com.bgeneral.bel.check.service": {
    "source": "com.bgeneral.bel.check.service",
    "version": "1.0.0",
    "name": "check-service",
    "dependencies": [
      {
        "name": "check-api",
        "dep": "1.0.0"
      },
      {
        "name": "com.bgeneral.bel.common.api",
        "dep": "1.0.0"
      },
      {
        "name": "com.bgeneral.bel.account.api",
        "dep": "1.0.0"
      },
      {
        "name": "com.bgeneral.bel.user.api",
        "dep": "1.0.0"
      },
      {
        "name": "com.bgeneral.bel.cuenta.corriente.esb.ws.api",
        "dep": "1.0.0"
      }
    ]
  },
  "com.bgeneral.bel.christmas.account": {
    "source": "com.bgeneral.bel.christmas.account",
    "version": "1.0.0",
    "name": "christmas-account-web",
    "dependencies": [
      {
        "name": "com.bgeneral.bel.common.api",
        "dep": "1.0.0"
      },
      {
        "name": "com.bgeneral.bel.product.api",
        "dep": "1.0.0"
      },
      {
        "name": "com.bgeneral.bel.account.api",
        "dep": "1.0.0"
      },
      {
        "name": "com.bgeneral.bel.user.api",
        "dep": "1.0.0"
      }
    ]
  },
  "com.bgeneral.bel.collector.payment.api": {
    "source": "com.bgeneral.bel.collector.payment.api",
    "version": "1.0.0",
    "name": "collector-payment-api",
    "dependencies": [
      {
        "name": "com.bgeneral.bel.account.api",
        "dep": "1.0.0"
      },
      {
        "name": "com.bgeneral.bel.common.api",
        "dep": "1.0.1"
      },
      {
        "name": "com.bgeneral.bel.security.device.api",
        "dep": "1.0.1"
      },
      {
        "name": "com.bgeneral.bel.transaction.api",
        "dep": "1.0.1"
      },
      {
        "name": "com.bgeneral.bel.user.api",
        "dep": "1.0.0"
      }
    ]
  },
  "com.bgeneral.bel.collector.payment.service": {
    "source": "com.bgeneral.bel.collector.payment.service",
    "version": "1.0.0",
    "name": "collector-payment-service",
    "dependencies": [
      {
        "name": "collector-payment-api",
        "dep": "1.0.0"
      },
      {
        "name": "com.bgeneral.bel.common.api",
        "dep": "1.0.1"
      },
      {
        "name": "com.bgeneral.bel.product.api",
        "dep": "1.0.0"
      },
      {
        "name": "com.bgeneral.bel.security.device.api",
        "dep": "1.0.1"
      },
      {
        "name": "com.bgeneral.bel.transaction.api",
        "dep": "1.0.1"
      },
      {
        "name": "com.bgeneral.bel.user.api",
        "dep": "1.0.0"
      },
      {
        "name": "com.bgeneral.bel.canal.ws.api",
        "dep": "1.0.0"
      },
      {
        "name": "com.bgeneral.bel.pago.esb.ws.api",
        "dep": "1.0.0"
      }
    ]
  },
  "com.bgeneral.bel.collector.payment.web": {
    "source": "com.bgeneral.bel.collector.payment.web",
    "version": "1.0.1",
    "name": "collector-payment-web",
    "dependencies": [
      {
        "name": "com.bgeneral.bel.account.api",
        "dep": "1.0.0"
      },
      {
        "name": "com.bgeneral.bel.collector.payment.api",
        "dep": "1.0.0"
      },
      {
        "name": "com.bgeneral.bel.common.api",
        "dep": "1.0.1"
      },
      {
        "name": "com.bgeneral.bel.product.api",
        "dep": "1.0.0"
      },
      {
        "name": "com.bgeneral.bel.transaction.api",
        "dep": "1.0.1"
      },
      {
        "name": "com.bgeneral.bel.user.api",
        "dep": "1.0.0"
      }
    ]
  },
  "com.bgeneral.bel.common.api": {
    "source": "com.bgeneral.bel.common.api",
    "version": "1.0.1",
    "name": "common-api",
    "dependencies": [
      {
        "name": "com.bgeneral.bel.common.ws.api",
        "dep": "1.0.0"
      }
    ]
  },
  "com.bgeneral.bel.contact.us.api": {
    "source": "com.bgeneral.bel.contact.us.api",
    "version": "1.0.0",
    "name": "contact-us-api",
    "dependencies": [
      {
        "name": "com.bgeneral.bel.common.api",
        "dep": "1.0.0"
      }
    ]
  },
  "com.bgeneral.bel.contact.us": {
    "source": "com.bgeneral.bel.contact.us",
    "version": "1.0.0",
    "name": "contact-us-web",
    "dependencies": [
      {
        "name": "com.bgeneral.bel.common.api",
        "dep": "1.0.0"
      },
      {
        "name": "com.bgeneral.bel.contact.us.api",
        "dep": "1.0.0"
      }
    ]
  },
  "com.bgeneral.bel.contact.us.service": {
    "source": "com.bgeneral.bel.contact.us.service",
    "version": "1.0.0",
    "name": "contact-us-service",
    "dependencies": [
      {
        "name": "contact-us-api",
        "dep": "1.0.0"
      },
      {
        "name": "com.bgeneral.bel.common.api",
        "dep": "1.0.0"
      },
      {
        "name": "com.bgeneral.bel.canal.ws.api",
        "dep": "1.0.0"
      },
      {
        "name": "com.bgeneral.bel.catalogo.ws.api",
        "dep": "1.0.0"
      }
    ]
  },
  "com.bgeneral.bel.dashboard.account.web": {
    "source": "com.bgeneral.bel.dashboard.account.web",
    "version": "1.0.1",
    "name": "dashboard-account-web",
    "dependencies": [
      {
        "name": "com.bgeneral.bel.account.api",
        "dep": "1.0.0"
      },
      {
        "name": "com.bgeneral.bel.common.api",
        "dep": "1.0.1"
      },
      {
        "name": "com.bgeneral.bel.product.api",
        "dep": "1.0.0"
      },
      {
        "name": "com.bgeneral.bel.user.api",
        "dep": "1.0.0"
      }
    ]
  },
  "com.bgeneral.bel.dashboard.nexttransactions.web": {
    "source": "com.bgeneral.bel.dashboard.nexttransactions.web",
    "version": "1.0.0",
    "name": "dashboard-next-transactions-web",
    "dependencies": [
      {
        "name": "com.bgeneral.bel.common.api",
        "dep": "1.0.1"
      },
      {
        "name": "com.bgeneral.bel.transaction.api",
        "dep": "1.0.0"
      },
      {
        "name": "com.bgeneral.bel.user.api",
        "dep": "1.0.0"
      }
    ]
  },
  "com.bgeneral.bel.dashboard.performedtransactions.web": {
    "source": "com.bgeneral.bel.dashboard.performedtransactions.web",
    "version": "1.0.0",
    "name": "performed-transactions-web",
    "dependencies": [
      {
        "name": "com.bgeneral.bel.transaction.api",
        "dep": "1.0.0"
      },
      {
        "name": "com.bgeneral.bel.performed.transactions.api",
        "dep": "1.0.0"
      },
      {
        "name": "com.bgeneral.bel.common.api",
        "dep": "1.0.0"
      }
    ]
  },
  "com.bgeneral.bel.effective-communication.web": {
    "source": "com.bgeneral.bel.effective-communication.web",
    "version": "1.0.0",
    "name": "effective-communication-web",
    "dependencies": [
      {
        "name": "com.bgeneral.bel.common.api",
        "dep": "1.0.0"
      }
    ]
  },
  "com.bgeneral.bel.favorites": {
    "source": "com.bgeneral.bel.favorites",
    "version": "1.0.0",
    "name": "favorites-web",
    "dependencies": [
      {
        "name": "com.bgeneral.bel.common.api",
        "dep": "1.0.0"
      },
      {
        "name": "com.bgeneral.bel.account.api",
        "dep": "1.0.0"
      },
      {
        "name": "com.bgeneral.bel.user.api",
        "dep": "1.0.0"
      },
      {
        "name": "com.bgeneral.bel.recharge.api",
        "dep": "1.0.0"
      },
      {
        "name": "com.bgeneral.bel.collector.payment.api",
        "dep": "1.0.0"
      },
      {
        "name": "com.bgeneral.bel.transaction.api",
        "dep": "1.0.0"
      },
      {
        "name": "com.bgeneral.bel.transfer.api",
        "dep": "1.0.0"
      },
      {
        "name": "com.bgeneral.bel.performed.transactions.api",
        "dep": "1.0.0"
      }
    ]
  },
  "com.bgeneral.bel.login.expire": {
    "source": "com.bgeneral.bel.login.expire",
    "version": "1.0.0",
    "name": "login-expire",
    "dependencies": []
  },
  "com.bgeneral.bel.login.web": {
    "source": "com.bgeneral.bel.login.web",
    "version": "1.0.1",
    "name": "login-web",
    "dependencies": [
      {
        "name": "com.bgeneral.bel.common.api",
        "dep": "1.0.1"
      },
      {
        "name": "com.bgeneral.bel.product.api",
        "dep": "1.0.0"
      },
      {
        "name": "com.bgeneral.bel.user.api",
        "dep": "1.0.0"
      }
    ]
  },
  "com.bgeneral.bel.main.account.api": {
    "source": "com.bgeneral.bel.main.account.api",
    "version": "1.0.1",
    "name": "main-account-api",
    "dependencies": [
      {
        "name": "com.bgeneral.bel.common.api",
        "dep": "1.0.1"
      },
      {
        "name": "com.bgeneral.bel.account.api",
        "dep": "1.0.0"
      },
      {
        "name": "com.bgeneral.bel.product.api",
        "dep": "1.0.0"
      },
      {
        "name": "com.bgeneral.bel.user.api",
        "dep": "1.0.0"
      }
    ]
  },
  "com.bgeneral.bel.main.account.service": {
    "source": "com.bgeneral.bel.main.account.service",
    "version": "1.0.1",
    "name": "main-account-service",
    "dependencies": [
      {
        "name": "main-account-api",
        "dep": "1.0.1"
      },
      {
        "name": "com.bgeneral.bel.account.api",
        "dep": "1.0.0"
      },
      {
        "name": "com.bgeneral.bel.common.api",
        "dep": "1.0.1"
      },
      {
        "name": "com.bgeneral.bel.product.api",
        "dep": "1.0.0"
      },
      {
        "name": "com.bgeneral.bel.user.api",
        "dep": "1.0.0"
      },
      {
        "name": "com.bgeneral.bel.canal.ws.api",
        "dep": "1.0.0"
      }
    ]
  },
  "com.bgeneral.bel.main.account.web": {
    "source": "com.bgeneral.bel.main.account.web",
    "version": "1.0.1",
    "name": "main-account-web",
    "dependencies": [
      {
        "name": "com.bgeneral.bel.account.api",
        "dep": "1.0.0"
      },
      {
        "name": "com.bgeneral.bel.common.api",
        "dep": "1.0.1"
      },
      {
        "name": "com.bgeneral.bel.main.account.api",
        "dep": "1.0.1"
      },
      {
        "name": "com.bgeneral.bel.user.api",
        "dep": "1.0.0"
      }
    ]
  },
  "com.bgeneral.bel.message.api": {
    "source": "com.bgeneral.bel.message.api",
    "version": "1.0.0",
    "name": "messages-api",
    "dependencies": [
      {
        "name": "com.bgeneral.bel.common.api",
        "dep": "1.0.1"
      },
      {
        "name": "com.bgeneral.bel.user.api",
        "dep": "1.0.0"
      }
    ]
  },
  "com.bgeneral.bel.message.service": {
    "source": "com.bgeneral.bel.message.service",
    "version": "1.0.0",
    "name": "messages-service",
    "dependencies": [
      {
        "name": "messages-api",
        "dep": "1.0.0"
      },
      {
        "name": "com.bgeneral.bel.common.api",
        "dep": "1.0.1"
      },
      {
        "name": "com.bgeneral.bel.user.api",
        "dep": "1.0.0"
      },
      {
        "name": "com.bgeneral.bel.catalogo.ws.api",
        "dep": "1.0.0"
      },
      {
        "name": "com.bgeneral.bel.canal.ws.api",
        "dep": "1.0.0"
      }
    ]
  },
  "com.bgeneral.bel.message.web": {
    "source": "com.bgeneral.bel.message.web",
    "version": "1.0.0",
    "name": "messages-web",
    "dependencies": [
      {
        "name": "com.bgeneral.bel.common.api",
        "dep": "1.0.1"
      },
      {
        "name": "com.bgeneral.bel.user.api",
        "dep": "1.0.0"
      },
      {
        "name": "com.bgeneral.bel.message.api",
        "dep": "1.0.0"
      }
    ]
  },
  "com.bgeneral.bel.notification.api": {
    "source": "com.bgeneral.bel.notification.api",
    "version": "1.0.0",
    "name": "notification-api",
    "dependencies": [
      {
        "name": "com.bgeneral.bel.common.api",
        "dep": "1.0.1"
      },
      {
        "name": "com.bgeneral.bel.user.api",
        "dep": "1.0.0"
      }
    ]
  },
  "com.bgeneral.bel.notification.service": {
    "source": "com.bgeneral.bel.notification.service",
    "version": "1.0.0",
    "name": "notification-service",
    "dependencies": [
      {
        "name": "notification-api",
        "dep": "1.0.0"
      },
      {
        "name": "com.bgeneral.bel.common.api",
        "dep": "1.0.1"
      },
      {
        "name": "com.bgeneral.bel.user.api",
        "dep": "1.0.0"
      },
      {
        "name": "com.bgeneral.bel.canal.ws.api",
        "dep": "1.0.0"
      },
      {
        "name": "com.bgeneral.bel.catalogo.ws.api",
        "dep": "1.0.0"
      }
    ]
  },
  "com.bgeneral.bel.notifications.config.web": {
    "source": "com.bgeneral.bel.notifications.config.web",
    "version": "1.0.0",
    "name": "notifications-config-web",
    "dependencies": [
      {
        "name": "com.bgeneral.bel.common.api",
        "dep": "1.0.1"
      },
      {
        "name": "com.bgeneral.bel.notification.api",
        "dep": "1.0.0"
      },
      {
        "name": "com.bgeneral.bel.product.api",
        "dep": "1.0.0"
      }
    ]
  },
  "com.bgeneral.bel.overseas.transfer.web": {
    "source": "com.bgeneral.bel.overseas.transfer.web",
    "version": "1.0.0",
    "name": "overseas-transfer-web",
    "dependencies": [
      {
        "name": "com.bgeneral.bel.account.api",
        "dep": "1.0.0"
      },
      {
        "name": "com.bgeneral.bel.common.api",
        "dep": "1.0.0"
      },
      {
        "name": "com.bgeneral.bel.product.api",
        "dep": "1.0.0"
      },
      {
        "name": "com.bgeneral.bel.transfer.api",
        "dep": "1.0.0"
      },
      {
        "name": "com.bgeneral.bel.transaction.api",
        "dep": "1.0.0"
      },
      {
        "name": "com.bgeneral.bel.user.api",
        "dep": "1.0.0"
      }
    ]
  },
  "com.bgeneral.bel.performed.transactions.api": {
    "source": "com.bgeneral.bel.performed.transactions.api",
    "version": "1.0.0",
    "name": "performed-transactions-api",
    "dependencies": [
      {
        "name": "com.bgeneral.bel.common.api",
        "dep": "1.0.0"
      },
      {
        "name": "com.bgeneral.bel.product.api",
        "dep": "1.0.0"
      },
      {
        "name": "com.bgeneral.bel.transaction.api",
        "dep": "1.0.0"
      },
      {
        "name": "com.bgeneral.bel.user.api",
        "dep": "1.0.0"
      },
      {
        "name": "com.bgeneral.bel.transferencia.ws.api",
        "dep": "1.0.0"
      },
      {
        "name": "com.bgeneral.bel.catalogo.canal.ws.api",
        "dep": "1.0.0"
      },
      {
        "name": "com.bgeneral.bel.catalogo.ws.api",
        "dep": "1.0.0"
      },
      {
        "name": "com.bgeneral.bel.canal.ws.api",
        "dep": "1.0.0"
      }
    ]
  },
  "com.bgeneral.bel.performed.transactions.service": {
    "source": "com.bgeneral.bel.performed.transactions.service",
    "version": "1.0.0",
    "name": "performed-transactions-service",
    "dependencies": [
      {
        "name": "performed-transactions-api",
        "dep": "1.0.0"
      },
      {
        "name": "com.bgeneral.bel.common.api",
        "dep": "1.0.0"
      },
      {
        "name": "com.bgeneral.bel.product.api",
        "dep": "1.0.0"
      },
      {
        "name": "com.bgeneral.bel.transaction.api",
        "dep": "1.0.0"
      },
      {
        "name": "com.bgeneral.bel.user.api",
        "dep": "1.0.0"
      },
      {
        "name": "com.bgeneral.bel.common.ws.api",
        "dep": "1.0.0"
      },
      {
        "name": "com.bgeneral.bel.canal.ws.api",
        "dep": "1.0.0"
      },
      {
        "name": "com.bgeneral.bel.autenticacion.ws.api",
        "dep": "1.0.0"
      },
      {
        "name": "com.bgeneral.bel.cuenta.ws.api",
        "dep": "1.0.0"
      },
      {
        "name": "com.bgeneral.bel.transferencia.ws.api",
        "dep": "1.0.0"
      },
      {
        "name": "com.bgeneral.bel.catalogo.canal.ws.api",
        "dep": "1.0.0"
      },
      {
        "name": "com.bgeneral.bel.catalogo.ws.api",
        "dep": "1.0.0"
      }
    ]
  },
  "com.bgeneral.bel.personal.info.api": {
    "source": "com.bgeneral.bel.personal.info.api",
    "version": "1.0.0",
    "name": "personal-data-info-api",
    "dependencies": [
      {
        "name": "com.bgeneral.bel.common.api",
        "dep": "1.0.0"
      },
      {
        "name": "com.bgeneral.bel.catalogo.ws.api",
        "dep": "1.0.0"
      }
    ]
  },
  "com.bgeneral.bel.personal.info": {
    "source": "com.bgeneral.bel.personal.info",
    "version": "1.0.0",
    "name": "personal-data-info-web",
    "dependencies": [
      {
        "name": "com.bgeneral.bel.common.api",
        "dep": "1.0.0"
      },
      {
        "name": "com.bgeneral.bel.personal.info.api",
        "dep": "1.0.0"
      }
    ]
  },
  "com.bgeneral.bel.personal.info.service": {
    "source": "com.bgeneral.bel.personal.info.service",
    "version": "1.0.0",
    "name": "personal-data-info-service",
    "dependencies": [
      {
        "name": "personal-data-info-api",
        "dep": "1.0.0"
      },
      {
        "name": "com.bgeneral.bel.common.api",
        "dep": "1.0.0"
      },
      {
        "name": "com.bgeneral.bel.personal.info.ws.api",
        "dep": "1.0.0"
      },
      {
        "name": "com.bgeneral.bel.catalogo.ws.api",
        "dep": "1.0.0"
      }
    ]
  },
  "com.bgeneral.bel.pin.api": {
    "source": "com.bgeneral.bel.pin.api",
    "version": "1.0.0",
    "name": "pin-api",
    "dependencies": [
      {
        "name": "com.bgeneral.bel.common.api",
        "dep": "1.0.0"
      },
      {
        "name": "com.bgeneral.bel.user.api",
        "dep": "1.0.0"
      },
      {
        "name": "com.bgeneral.bel.account.api",
        "dep": "1.0.0"
      },
      {
        "name": "com.bgeneral.bel.product.api",
        "dep": "1.0.0"
      }
    ]
  },
  "com.bgeneral.bel.pin.service": {
    "source": "com.bgeneral.bel.pin.service",
    "version": "1.0.0",
    "name": "pin-service",
    "dependencies": [
      {
        "name": "pin-api",
        "dep": "1.0.0"
      },
      {
        "name": "com.bgeneral.bel.common.api",
        "dep": "1.0.0"
      },
      {
        "name": "com.bgeneral.bel.user.api",
        "dep": "1.0.0"
      },
      {
        "name": "com.bgeneral.bel.product.api",
        "dep": "1.0.0"
      },
      {
        "name": "com.bgeneral.bel.canal.ws.api",
        "dep": "1.0.0"
      },
      {
        "name": "com.bgeneral.bel.producto.esb.ws.api",
        "dep": "1.0.0"
      }
    ]
  },
  "com.bgeneral.bel.pos.reports.web": {
    "source": "com.bgeneral.bel.pos.reports.web",
    "version": "1.0.0",
    "name": "pos-reports-web",
    "dependencies": [
      {
        "name": "com.bgeneral.bel.common.api",
        "dep": "1.0.1"
      },
      {
        "name": "com.bgeneral.bel.special.reports.api",
        "dep": "1.0.0"
      },
      {
        "name": "com.bgeneral.bel.user.api",
        "dep": "1.0.0"
      }
    ]
  },
  "com.bgeneral.bel.product.api": {
    "source": "com.bgeneral.bel.product.api",
    "version": "1.0.0",
    "name": "product-api",
    "dependencies": [
      {
        "name": "com.bgeneral.bel.common.api",
        "dep": "1.0.1"
      },
      {
        "name": "com.bgeneral.bel.user.api",
        "dep": "1.0.0"
      }
    ]
  },
  "com.bgeneral.bel.product.info.web": {
    "source": "com.bgeneral.bel.product.info.web",
    "version": "1.0.0",
    "name": "product-info-web",
    "dependencies": [
      {
        "name": "com.bgeneral.bel.common.api",
        "dep": "1.0.0"
      },
      {
        "name": "com.bgeneral.bel.product.api",
        "dep": "1.0.0"
      },
      {
        "name": "com.bgeneral.bel.transaction.api",
        "dep": "1.0.0"
      },
      {
        "name": "com.bgeneral.bel.performed.transactions.api",
        "dep": "1.0.0"
      }
    ]
  },
  "com.bgeneral.bel.product.service": {
    "source": "com.bgeneral.bel.product.service",
    "version": "1.0.0",
    "name": "product-service",
    "dependencies": [
      {
        "name": "product-api",
        "dep": "1.0.0"
      },
      {
        "name": "com.bgeneral.bel.common.api",
        "dep": "1.0.1"
      },
      {
        "name": "com.bgeneral.bel.user.api",
        "dep": "1.0.0"
      },
      {
        "name": "com.bgeneral.bel.leasing.esb.ws.api",
        "dep": "1.0.0"
      },
      {
        "name": "com.bgeneral.bel.tarjeta.prepagada.esb.ws.api",
        "dep": "1.0.0"
      },
      {
        "name": "com.bgeneral.bel.movimiento.esb.ws.api",
        "dep": "1.0.0"
      },
      {
        "name": "com.bgeneral.bel.tarjeta.credito.esb.ws.api",
        "dep": "1.0.0"
      },
      {
        "name": "com.bgeneral.bel.cuenta.corriente.esb.ws.api",
        "dep": "1.0.0"
      },
      {
        "name": "com.bgeneral.bel.cuenta.ahorro.esb.ws.api",
        "dep": "1.0.0"
      },
      {
        "name": "com.bgeneral.bel.portafolio.esb.ws.api",
        "dep": "1.0.0"
      },
      {
        "name": "com.bgeneral.bel.prestamo.esb.ws.api",
        "dep": "1.0.0"
      },
      {
        "name": "com.bgeneral.bel.profuturo.esb.ws.api",
        "dep": "1.0.0"
      },
      {
        "name": "com.bgeneral.bel.plazo.fijo.esb.ws.api",
        "dep": "1.0.0"
      },
      {
        "name": "com.bgeneral.bel.canal.ws.api",
        "dep": "1.0.0"
      },
      {
        "name": "com.bgeneral.bel.producto.esb.ws.api",
        "dep": "1.0.0"
      },
      {
        "name": "com.bgeneral.bel.cuenta.ws.api",
        "dep": "1.0.0"
      },
      {
        "name": "com.bgeneral.bel.pago.esb.ws.api",
        "dep": "1.0.0"
      }
    ]
  },
  "com.bgeneral.bel.recharge.api": {
    "source": "com.bgeneral.bel.recharge.api",
    "version": "1.0.0",
    "name": "recharge-service-api",
    "dependencies": [
      {
        "name": "com.bgeneral.bel.common.api",
        "dep": "1.0.0"
      },
      {
        "name": "com.bgeneral.bel.pago.esb.ws.api",
        "dep": "1.0.0"
      },
      {
        "name": "com.bgeneral.bel.transaction.api",
        "dep": "1.0.0"
      },
      {
        "name": "com.bgeneral.bel.collector.payment.api",
        "dep": "1.0.0"
      }
    ]
  },
  "com.bgeneral.bel.recharge": {
    "source": "com.bgeneral.bel.recharge",
    "version": "1.0.0",
    "name": "recharge-web",
    "dependencies": [
      {
        "name": "com.bgeneral.bel.common.api",
        "dep": "1.0.0"
      },
      {
        "name": "com.bgeneral.bel.account.api",
        "dep": "1.0.0"
      },
      {
        "name": "com.bgeneral.bel.recharge.api",
        "dep": "1.0.0"
      },
      {
        "name": "com.bgeneral.bel.collector.payment.api",
        "dep": "1.0.0"
      },
      {
        "name": "com.bgeneral.bel.transaction.api",
        "dep": "1.0.0"
      }
    ]
  },
  "com.bgeneral.bel.recharge.service": {
    "source": "com.bgeneral.bel.recharge.service",
    "version": "1.0.0",
    "name": "recharge-service-service",
    "dependencies": [
      {
        "name": "recharge-service-api",
        "dep": "1.0.0"
      },
      {
        "name": "com.bgeneral.bel.common.api",
        "dep": "1.0.0"
      },
      {
        "name": "com.bgeneral.bel.pago.esb.ws.api",
        "dep": "1.0.0"
      }
    ]
  },
  "com.bgeneral.bel.request.card.pin.web": {
    "source": "com.bgeneral.bel.request.card.pin.web",
    "version": "1.0.0",
    "name": "request-card-pin-web",
    "dependencies": [
      {
        "name": "com.bgeneral.bel.common.api",
        "dep": "1.0.0"
      },
      {
        "name": "com.bgeneral.bel.notification.api",
        "dep": "1.0.0"
      },
      {
        "name": "com.bgeneral.bel.pin.api",
        "dep": "1.0.0"
      },
      {
        "name": "com.bgeneral.bel.product.api",
        "dep": "1.0.0"
      },
      {
        "name": "com.bgeneral.bel.security.device.api",
        "dep": "1.0.0"
      }
    ]
  },
  "com.bgeneral.bel.security.device.api": {
    "source": "com.bgeneral.bel.security.device.api",
    "version": "1.0.1",
    "name": "security-device-api",
    "dependencies": [
      {
        "name": "com.bgeneral.bel.common.api",
        "dep": "1.0.1"
      },
      {
        "name": "com.bgeneral.bel.user.api",
        "dep": "1.0.0"
      }
    ]
  },
  "com.bgeneral.bel.security.device.service": {
    "source": "com.bgeneral.bel.security.device.service",
    "version": "1.0.1",
    "name": "security-device-service",
    "dependencies": [
      {
        "name": "security-device-api",
        "dep": "1.0.1"
      },
      {
        "name": "com.bgeneral.bel.common.api",
        "dep": "1.0.1"
      },
      {
        "name": "com.bgeneral.bel.user.api",
        "dep": "1.0.0"
      },
      {
        "name": "com.bgeneral.bel.autenticacion.ws.api",
        "dep": "1.0.0"
      },
      {
        "name": "com.bgeneral.bel.canal.ws.api",
        "dep": "1.0.0"
      },
      {
        "name": "com.bgeneral.bel.dispositivo.seguridad.esb.ws.api",
        "dep": "1.0.0"
      }
    ]
  },
  "com.bgeneral.bel.security.device.web": {
    "source": "com.bgeneral.bel.security.device.web",
    "version": "1.0.0",
    "name": "security-device-web",
    "dependencies": [
      {
        "name": "com.bgeneral.bel.account.api",
        "dep": "1.0.0"
      },
      {
        "name": "com.bgeneral.bel.common.api",
        "dep": "1.0.1"
      },
      {
        "name": "com.bgeneral.bel.security.device.api",
        "dep": "1.0.1"
      },
      {
        "name": "com.bgeneral.bel.transaction.api",
        "dep": "1.0.1"
      },
      {
        "name": "com.bgeneral.bel.user.api",
        "dep": "1.0.0"
      }
    ]
  },
  "com.bgeneral.bel.security.info.web": {
    "source": "com.bgeneral.bel.security.info.web",
    "version": "1.0.0",
    "name": "security-info-web",
    "dependencies": [
      {
        "name": "com.bgeneral.bel.common.api",
        "dep": "1.0.1"
      },
      {
        "name": "com.bgeneral.bel.transaction.api",
        "dep": "1.0.0"
      },
      {
        "name": "com.bgeneral.bel.user.api",
        "dep": "1.0.0"
      }
    ]
  },
  "com.bgeneral.bel.special.reports.api": {
    "source": "com.bgeneral.bel.special.reports.api",
    "version": "1.0.0",
    "name": "special-reports-api",
    "dependencies": [
      {
        "name": "com.bgeneral.bel.common.api",
        "dep": "1.0.1"
      },
      {
        "name": "com.bgeneral.bel.user.api",
        "dep": "1.0.0"
      }
    ]
  },
  "com.bgeneral.bel.special.reports.service": {
    "source": "com.bgeneral.bel.special.reports.service",
    "version": "1.0.0",
    "name": "special-reports-service",
    "dependencies": [
      {
        "name": "special-reports-api",
        "dep": "1.0.0"
      },
      {
        "name": "com.bgeneral.bel.common.api",
        "dep": "1.0.1"
      },
      {
        "name": "com.bgeneral.bel.user.api",
        "dep": "1.0.0"
      },
      {
        "name": "com.bgeneral.bel.catalogo.canal.ws.api",
        "dep": "1.0.0"
      },
      {
        "name": "com.bgeneral.bel.canal.ws.api",
        "dep": "1.0.0"
      }
    ]
  },
  "com.bgeneral.bel.startup.environment": {
    "source": "com.bgeneral.bel.startup.environment",
    "version": "1.0.0",
    "name": "startup-environment",
    "dependencies": []
  },
  "com.bgeneral.bel.stock.market.confirmation.api": {
    "source": "com.bgeneral.bel.stock.market.confirmation.api",
    "version": "1.0.0",
    "name": "stock-market-confirmations-api",
    "dependencies": [
      {
        "name": "com.bgeneral.bel.common.api",
        "dep": "1.0.1"
      },
      {
        "name": "com.bgeneral.bel.product.api",
        "dep": "1.0.0"
      },
      {
        "name": "com.bgeneral.bel.user.api",
        "dep": "1.0.0"
      }
    ]
  },
  "com.bgeneral.bel.stock.market.confirmation.service": {
    "source": "com.bgeneral.bel.stock.market.confirmation.service",
    "version": "1.0.1",
    "name": "stock-market-confirmations-service",
    "dependencies": [
      {
        "name": "stock-market-confirmations-api",
        "dep": "1.0.0"
      },
      {
        "name": "com.bgeneral.bel.common.api",
        "dep": "1.0.1"
      },
      {
        "name": "com.bgeneral.bel.product.api",
        "dep": "1.0.0"
      },
      {
        "name": "com.bgeneral.bel.user.api",
        "dep": "1.0.0"
      },
      {
        "name": "com.bgeneral.bel.portafolio.esb.ws.api",
        "dep": "1.0.0"
      }
    ]
  },
  "com.bgeneral.bel.stock.market.confirmation.web": {
    "source": "com.bgeneral.bel.stock.market.confirmation.web",
    "version": "1.0.1",
    "name": "stock-market-confirmations-web",
    "dependencies": [
      {
        "name": "com.bgeneral.bel.common.api",
        "dep": "1.0.1"
      },
      {
        "name": "com.bgeneral.bel.product.api",
        "dep": "1.0.0"
      },
      {
        "name": "com.bgeneral.bel.stock.market.confirmation.api",
        "dep": "1.0.0"
      },
      {
        "name": "com.bgeneral.bel.user.api",
        "dep": "1.0.0"
      }
    ]
  },
  "com.bgeneral.bel.transaction.api": {
    "source": "com.bgeneral.bel.transaction.api",
    "version": "1.0.1",
    "name": "transaction-api",
    "dependencies": [
      {
        "name": "com.bgeneral.bel.common.api",
        "dep": "1.0.1"
      },
      {
        "name": "com.bgeneral.bel.product.api",
        "dep": "1.0.0"
      },
      {
        "name": "com.bgeneral.bel.security.device.api",
        "dep": "1.0.1"
      },
      {
        "name": "com.bgeneral.bel.user.api",
        "dep": "1.0.0"
      },
      {
        "name": "com.bgeneral.bel.transferencia.ws.api",
        "dep": "1.0.0"
      },
      {
        "name": "com.bgeneral.bel.catalogo.canal.ws.api",
        "dep": "1.0.0"
      },
      {
        "name": "com.bgeneral.bel.canal.ws.api",
        "dep": "1.0.0"
      },
      {
        "name": "com.bgeneral.bel.movimiento.esb.ws.api",
        "dep": "1.0.0"
      },
      {
        "name": "com.bgeneral.bel.pago.esb.ws.api",
        "dep": "1.0.0"
      },
      {
        "name": "com.bgeneral.bel.cuenta.ws.api",
        "dep": "1.0.0"
      }
    ]
  },
  "com.bgeneral.bel.transaction.scheduled.web": {
    "source": "com.bgeneral.bel.transaction.scheduled.web",
    "version": "1.0.0",
    "name": "scheduled-transactions-web",
    "dependencies": [
      {
        "name": "com.bgeneral.bel.transaction.api",
        "dep": "1.0.0"
      },
      {
        "name": "com.bgeneral.bel.account.api",
        "dep": "1.0.0"
      }
    ]
  },
  "com.bgeneral.bel.transaction.service": {
    "source": "com.bgeneral.bel.transaction.service",
    "version": "1.0.1",
    "name": "transaction-service",
    "dependencies": [
      {
        "name": "transaction-api",
        "dep": "1.0.1"
      },
      {
        "name": "com.bgeneral.bel.common.api",
        "dep": "1.0.1"
      },
      {
        "name": "com.bgeneral.bel.product.api",
        "dep": "1.0.0"
      },
      {
        "name": "com.bgeneral.bel.security.device.api",
        "dep": "1.0.1"
      },
      {
        "name": "com.bgeneral.bel.user.api",
        "dep": "1.0.0"
      },
      {
        "name": "com.bgeneral.bel.common.ws.api",
        "dep": "1.0.0"
      },
      {
        "name": "com.bgeneral.bel.canal.ws.api",
        "dep": "1.0.0"
      },
      {
        "name": "com.bgeneral.bel.autenticacion.ws.api",
        "dep": "1.0.0"
      },
      {
        "name": "com.bgeneral.bel.cuenta.ws.api",
        "dep": "1.0.0"
      },
      {
        "name": "com.bgeneral.bel.transferencia.ws.api",
        "dep": "1.0.0"
      },
      {
        "name": "com.bgeneral.bel.catalogo.canal.ws.api",
        "dep": "1.0.0"
      },
      {
        "name": "com.bgeneral.bel.catalogo.ws.api",
        "dep": "1.0.0"
      },
      {
        "name": "com.bgeneral.bel.movimiento.esb.ws.api",
        "dep": "1.0.0"
      },
      {
        "name": "com.bgeneral.bel.cuenta.ahorro.esb.ws.api",
        "dep": "1.0.0"
      },
      {
        "name": "com.bgeneral.bel.cuenta.corriente.esb.ws.api",
        "dep": "1.0.0"
      },
      {
        "name": "com.bgeneral.bel.pago.esb.ws.api",
        "dep": "1.0.0"
      },
      {
        "name": "com.bgeneral.bel.tarjeta.prepagada.esb.ws.api",
        "dep": "1.0.0"
      },
      {
        "name": "com.bgeneral.bel.tarjeta.credito.esb.ws.api",
        "dep": "1.0.0"
      }
    ]
  },
  "com.bgeneral.bel.transfer.api": {
    "source": "com.bgeneral.bel.transfer.api",
    "version": "1.0.0",
    "name": "transfer-api",
    "dependencies": [
      {
        "name": "com.bgeneral.bel.account.api",
        "dep": "1.0.0"
      },
      {
        "name": "com.bgeneral.bel.common.api",
        "dep": "1.0.0"
      },
      {
        "name": "com.bgeneral.bel.product.api",
        "dep": "1.0.0"
      },
      {
        "name": "com.bgeneral.bel.security.device.api",
        "dep": "1.0.0"
      },
      {
        "name": "com.bgeneral.bel.transaction.api",
        "dep": "1.0.0"
      },
      {
        "name": "com.bgeneral.bel.user.api",
        "dep": "1.0.0"
      },
      {
        "name": "com.bgeneral.bel.transferencia.ws.api",
        "dep": "1.0.0"
      },
      {
        "name": "com.bgeneral.bel.catalogo.canal.ws.api",
        "dep": "1.0.0"
      }
    ]
  },
  "com.bgeneral.bel.transfer.service": {
    "source": "com.bgeneral.bel.transfer.service",
    "version": "1.0.0",
    "name": "transfer-service",
    "dependencies": [
      {
        "name": "transfer-api",
        "dep": "1.0.0"
      },
      {
        "name": "com.bgeneral.bel.account.api",
        "dep": "1.0.0"
      },
      {
        "name": "com.bgeneral.bel.common.api",
        "dep": "1.0.0"
      },
      {
        "name": "com.bgeneral.bel.product.api",
        "dep": "1.0.0"
      },
      {
        "name": "com.bgeneral.bel.transaction.api",
        "dep": "1.0.0"
      },
      {
        "name": "com.bgeneral.bel.security.device.api",
        "dep": "1.0.0"
      },
      {
        "name": "com.bgeneral.bel.user.api",
        "dep": "1.0.0"
      },
      {
        "name": "com.bgeneral.bel.common.ws.api",
        "dep": "1.0.0"
      },
      {
        "name": "com.bgeneral.bel.canal.ws.api",
        "dep": "1.0.0"
      },
      {
        "name": "com.bgeneral.bel.autenticacion.ws.api",
        "dep": "1.0.0"
      },
      {
        "name": "com.bgeneral.bel.cuenta.ws.api",
        "dep": "1.0.0"
      },
      {
        "name": "com.bgeneral.bel.transferencia.ws.api",
        "dep": "1.0.0"
      },
      {
        "name": "com.bgeneral.bel.catalogo.canal.ws.api",
        "dep": "1.0.0"
      },
      {
        "name": "com.bgeneral.bel.catalogo.ws.api",
        "dep": "1.0.0"
      }
    ]
  },
  "com.bgeneral.bel.transfer.web": {
    "source": "com.bgeneral.bel.transfer.web",
    "version": "1.0.0",
    "name": "transfer-web",
    "dependencies": [
      {
        "name": "com.bgeneral.bel.account.api",
        "dep": "1.0.0"
      },
      {
        "name": "com.bgeneral.bel.common.api",
        "dep": "1.0.0"
      },
      {
        "name": "com.bgeneral.bel.product.api",
        "dep": "1.0.0"
      },
      {
        "name": "com.bgeneral.bel.security.device.api",
        "dep": "1.0.0"
      },
      {
        "name": "com.bgeneral.bel.transaction.api",
        "dep": "1.0.0"
      },
      {
        "name": "com.bgeneral.bel.transfer.api",
        "dep": "1.0.0"
      },
      {
        "name": "com.bgeneral.bel.user.api",
        "dep": "1.0.0"
      }
    ]
  },
  "com.bgeneral.bel.user.api": {
    "source": "com.bgeneral.bel.user.api",
    "version": "1.0.0",
    "name": "user-api",
    "dependencies": [
      {
        "name": "com.bgeneral.bel.common.api",
        "dep": "1.0.1"
      }
    ]
  },
  "com.bgeneral.bel.user.config.web": {
    "source": "com.bgeneral.bel.user.config.web",
    "version": "1.0.0",
    "name": "user-config-web",
    "dependencies": [
      {
        "name": "com.bgeneral.bel.common.api",
        "dep": "1.0.1"
      },
      {
        "name": "com.bgeneral.bel.user.api",
        "dep": "1.0.0"
      },
      {
        "name": "com.bgeneral.bel.account.api",
        "dep": "1.0.0"
      }
    ]
  },
  "com.bgeneral.bel.user.service": {
    "source": "com.bgeneral.bel.user.service",
    "version": "1.0.0",
    "name": "user-service",
    "dependencies": [
      {
        "name": "user-api",
        "dep": "1.0.0"
      },
      {
        "name": "com.bgeneral.bel.common.api",
        "dep": "1.0.1"
      },
      {
        "name": "com.bgeneral.bel.autenticacion.ws.api",
        "dep": "1.0.0"
      },
      {
        "name": "com.bgeneral.bel.canal.ws.api",
        "dep": "1.0.0"
      },
      {
        "name": "com.bgeneral.bel.common.ws.api",
        "dep": "1.0.0"
      }
    ]
  }
}